{
    "Be": {
        "A": 4.0, 
        "index": 1, 
        "Z_2": 4.0, 
        "gamma_gas": 1.667, 
        "rho_0": 1.0, 
        "Z": 2.0, 
        "eos_type": "ideal"
    }, 
    "cell_set": {
        "mesh_type": "x_y", 
        "boundary_conditions": [
            2, 
            2, 
            2, 
            2
        ]
    }, 
    "Al": {
        "A": 4.0, 
        "index": 2, 
        "Z_2": 4.0, 
        "gamma_gas": 1.667, 
        "rho_0": 2.0, 
        "Z": 2.0, 
        "eos_type": "ideal"
    }, 
    "switches": {
        "sw_symmetry": 0, 
        "sw_vert_mass": 1, 
        "sw_nraz": 1
    }, 
    "contours": {
        "contours_i": [
            {
                "y1": -1,
                "x2": 0,
                "x1": 0,
                "y2": 2,
                "contour_type": "line"
            },
            {
                "y1": -1,
                "x2": 0.5,
                "x1": 0.5,
                "y2": 2,
                "contour_type": "line"
            },
            {
                "y1": -1,
                "x2": 1,
                "x1": 1,
                "y2": 2,
                "contour_type": "line"
            }
        ],
        "contours_j": [
            {
                "units": "regular", 
                "theta0": 0.0
            }, 
            {
                "units": "regular", 
                "theta0": 1.0
            }
        ]
    },
    "zone": {
        "zone_i": [
            {
                "type": "constant", 
                "dr": 0.0
            }, 
            {
                "type": "constant", 
                "dr": 0.0
            }
        ], 
        "zone_j": [
            {
                "d_theta": 0.0, 
                "type": "constant"
            }
        ]
    },
    "diagnostics": {
        "number_diagnostics": 2,
        "group": [
            {
                "condition": 1,
                "diagnostic": [
                    {
                        "type": "plot"
                    },
                    {
                        "type": "text",
                        "variables": ["X", "Y"],
                        "name": "2D"
                    }
                ]
            }
        ]
    },
    "layers_materials": {
        "number_cells_j": [
            1
        ], 
        "number_layers_i": 2, 
        "number_cells_i": [
            50, 
            50
        ], 
        "number_layers_j": 1, 
        "materials": [
            "Be", 
            "Al"
        ]
    }, 
    "data": {
        "nyb": 3, 
        "name": "sod", 
        "nxb": 102
    }, 
    "simulation_parameters": {
        "time_final": 0.3, 
        "init_temperature": 3.22e-08, 
        "dt": 1e-14, 
        "dt_max": 0.1
    },
    "rezone_advect": {
        "rezone_type": 0
    }
}
