{
    "cell_set": {
        "mesh_type": "x_y", 
        "boundary_conditions": [
            2, 
            2, 
            2, 
            2,
            2,
            2
        ]
    },
 "diagnostics": {
        "number_diagnostics": 1,
        "group": [
            {
                "condition": 1,
                "diagnostic": [  
                    {
                        "type": "text",
                        "variables": ["velocity_x", "velocity_y","velocity_z","position_x", "position_y", "position_z", "pressure", "density", "SIE", "time", "index"]
                    }
                ]
            }
        ]
    },
    "Be": {
        "A": 4.0, 
        "index": 1, 
        "Z_2": 4.0, 
        "gamma_gas": 1.667, 
        "rho_0": 1.0, 
        "Z": 2.0, 
        "eos_type": "ideal"
    }, 
    "Al": {
        "A": 4.0, 
        "index": 2, 
        "Z_2": 4.0, 
        "gamma_gas": 1.667, 
        "rho_0": 2.0, 
        "Z": 2.0, 
        "eos_type": "ideal"
    }, 
    "Cu": {
        "A": 4.0, 
        "index": 2, 
        "Z_2": 4.0, 
        "gamma_gas": 1.667, 
        "rho_0": 1.5, 
        "Z": 2.0, 
        "eos_type": "ideal"
    }, 
    "switches": {
        "sw_symmetry": 0, 
        "sw_vert_mass": 1, 
        "sw_nraz": 1
    }, 
    "contours": {
        "contours_j": [
            {
                "units": "regular", 
                "theta0": 0.0
            }, 
            {
                "units": "regular", 
                "theta0": 1.0
            }
        ],
        "contours_k": [
            {
                "units": "regular", 
                "phi0": 0.0
            }, 
            {
                "units": "regular", 
                "phi0": 1.0
            }
        ], 
        "contours_i": [
            {
                "y1": -1, 
                "x2": 0, 
                "x1": 0, 
                "y2": 2, 
                "contour_type": "line"
            }, 
            {
                "y1": -1, 
                "x2": 1, 
                "x1": 1, 
                "y2": 2, 
                "contour_type": "line"
            }
        ]
    }, 
    "zone": {
        "zone_i": [
            {
                "type": "constant", 
                "dr": 0.0
            }
        ], 
        "zone_j": [
            {
                "d_theta": 0.0, 
                "type": "constant"
            }
        ],
        "zone_k": [
            {
                "d_phi": 0.0, 
                "type": "constant"
            }
        ]
    }, 
    "layers_materials": {
        "number_layers_j": 1, 
        "number_cells_j": [
            10
        ], 
        "number_layers_k":1, 
        "number_cells_k": [
            10
        ], 
        "number_layers_i": 1, 
        "number_cells_i": [
	    10
        ], 
        "materials": [
            "Be", 
            "Al",
            "Cu"
        ]
    }, 
    "data": {
	"nxb": 1,
        "name": "sod_3d", 
	"nyb": 1,
	"nzb":1
	
    }, 
    "simulation_parameters": {
        "time_final": 0.2, 
        "init_temperature": 3.22e-08, 
        "dt": 1e-14, 
	"cyl": 0,
        "dt_max": 0.1
    },
    "rezone_advect": {
        "rezone_type": "lagrange"
    },
    "parallel": {
	"np": 1,
	"npx":1,
	"npy":1,
	"npz":1
    }
}
